"福祉タクシーを利用したいのですが？","福祉局"
"国民健康保険に加入したいのですが？","福祉局"
"介護保険制度のサービスにはどのようなものがありますか？","福祉局"
"出産した時にお金がもらえるというのは本当ですか？","福祉局"
"国民健康保険証をなくしてしまったときは？","福祉局"
"以前、国民健康保険に加入していたが、現在は、会社に就職して社会保険に加入したのに、国民健康保険料の決定通知書が届いた。","福祉局"
"退職者医療制度とは何ですか？","福祉局"
"大阪市国民健康保険の葬祭費について知りたい。","福祉局"
"介護サービスへの相談や苦情の問合せは？","福祉局"
"要約筆記ボランティアについて教えてください。","福祉局"
"いきいきエイジングセンターとはなんですか？","福祉局"
"会社を退職し、所得が激減したのに保険料が高いのはなぜですか？","福祉局"
"国民健康保険料の決定通知書(兼納付書)が届かないのですが？","福祉局"
"大阪市外へ転出します。国民健康保険証はどうすればよいでしょうか？","福祉局"
"介護保険のサービスを利用したいのですが、手続きの流れを教えてください。","福祉局"
"年金手帳を紛失したので再発行してもらいたい。(第1号被保険者のみ)","福祉局"
"福祉の店とはどんなところですか？","福祉局"
"後期高齢者医療制度とは何ですか？","福祉局"
"65歳以上で障がいを持っていますが、医療費の援助はありますか？","福祉局"
"介護保険被保険者証をなくしてしまったのですが？","福祉局"
"国民健康保険で高額医療費の払い戻しがあると聞いたのですが、どうすればよいのですか？","福祉局"
"今まで国民健康保険でしたが、職場の健康保険をもらいました。国民健康保険の手続きは必要ですか？","福祉局"
"区役所には障がい者向けの外出支援の送迎サービスはあるか？","福祉局"
"国民年金(第1号被保険者)に加入しているが、今後、就職し厚生年金に加入することになりました。区役所への届出は必要ですか？","福祉局"
"後期高齢者医療制度の葬祭費について知りたい。","福祉局"
"生活保護を受けるための手続きと支給金額について教えてください。","福祉局"
"国民年金への加入手続きはどうするのですか？","福祉局"
"ボランティアをやってみたい(依頼したい)のですが、どこでわかりますか？","福祉局"
"後期高齢者医療制度での保険料の減額はありますか","福祉局"
"後期高齢者医療制度の保険料はいくらになるのですか","福祉局"
"後期高齢者医療制度の被保険者証はいつもらえますか。","福祉局"
"シルバー人材センターではどのようなことをしていますか？","福祉局"
"後期高齢者医療制度では医療機関での負担はどうなりますか。","福祉局"
"介護用品を支給してもらえますか？","福祉局"
"国民健康保険高齢受給者証とはどういうものですか？","福祉局"
"障がい者にはタクシー料金の助成があるのですか？","福祉局"
"国民健康保険をやめる届出は？","福祉局"
"国民健康保険料の計算方法は？","福祉局"
"人間ドックを受診したいのですが、市として費用の補助制度はありますか？","福祉局"
"他の市町村から、大阪市に引っ越してきて国民健康保険に加入した場合、保険料はどのようになりますか？","福祉局"
"身体障がいや知的障がいのある人の就職についての相談はどこに行けばいいですか？","福祉局"
"職業指導センターというのがあると聞いたのですが？","福祉局"
"どんなときに国民年金(第1号被保険者)への加入が必要なのですか？","福祉局"
"社会福祉センターの事業内容を知りたい。","福祉局"
"戦没者の遺族に対して何か援助はありますか？","福祉局"
"出産費を貸してもらえると聞いたのですが？","福祉局"
"緊急援護資金について教えてください。","福祉局"
"生活福祉資金にはどんなものがありますか？","福祉局"
"点訳ボランティアというのは、どのようなものですか？どうすればなれますか？","福祉局"
"高齢者に食事の配給サービスがありますか？","福祉局"
"寡婦年金について知りたい。","福祉局"
"国民年金の給付の種類について知りたい。","福祉局"
"遺族基礎年金について知りたい。","福祉局"
"高齢者を介護している家族に、お金を支給してもらえますか？","福祉局"
"あんしんさぽーと事業について教えてください。","福祉局"
"成年後見制度について教えてください。","福祉局"
"人工透析を受けているのですが、医療費助成は受けられますか。","福祉局"
"子どもが生まれたので、国民健康保険に加入する人数が増えました。その後、保険料変更決定通知書が届き、均等割保険料が増額されていました。なぜ増えるのでしょうか？","福祉局"
"国民健康保険について詳しく教えてください。","福祉局"
"高齢者住宅改修費(バリアフリーなど)を助成してもらえませんか？","福祉局"
"地域包括支援センターはどのようなことを行っていますか？","福祉局"
"国民年金の「保険料」はどのようにして払ったらよいですか？(第1号被保険者の場合)","福祉局"
"生活保護施設とはどのような施設ですか？","福祉局"
"在日外国人高齢者給付金とは何ですか？","福祉局"
"介護保険制度はどのような制度ですか？","福祉局"
"国民健康保険料の納付が困難で払えないときはどうしたらいいですか？","福祉局"
"国民健康保険料が昨年度より高いのですが、理由がわかりません。","福祉局"
"障がい者やその家族の相談に乗ってくれるところはありますか？","福祉局"
"国民年金保険料を口座で引き落としをしている場合、残高が少なくなっていて引き落としができなかった時は、どのようにしたらいいのですか？","福祉局"
"死亡一時金について知りたい。","福祉局"
"国民年金基金について知りたい。","福祉局"
"行きたい施設がバリアフリーになっているかどうかパソコンで調べられますか？","福祉局"
"民生委員のことについて教えてください。選出方法は？","福祉局"
"シルバーボランティアセンターというのがあると聞いたのですが？","福祉局"
"高齢者が娯楽のために利用できる施設はありますか？","福祉局"
"障がい者の歯科診療や在宅訪問歯科診療について教えてください。","福祉局"
"身体障がいのある人や難病等を有する人が杖や椅子を購入する時に費用の助成があると聞いたのですが？","福祉局"
"高齢者が入所できる施設にはどのようなものがありますか？","福祉局"
"高齢者に、市バスや地下鉄などの割引はありますか？","福祉局"
"老齢基礎年金について教えてください。","福祉局"
"電話による年金相談をしたい。","福祉局"
"生活保護とは何ですか？","福祉局"
"国民年金を受取っている人が行う届出にはどんなものがありますか？","福祉局"
"文化施設に入場する際、敬老優待が受けられますか？","福祉局"
"高齢者が公衆浴場を利用するとき、割引が受けられますか？","福祉局"
"弘済院附属病院について教えてください。","福祉局"
"単身赴任や出張で家を離れるが国民健康保険証はそのまま使えますか","福祉局"
"国民健康保険料の納め方は？","福祉局"
"国民健康保険料の納付期限が過ぎてしまいましたが、この期限切れの納付書で納められますか？","福祉局"
"赤ちゃんの発達が遅くて何か障がいがあるのではないかと心配です。","福祉局"
"障がい児を預かっている家庭への手当(特別児童扶養手当)について教えてください。","福祉局"
"寝たきりの高齢者に日用品を給付してくれる制度があると聞いたのですが？","福祉局"
"年金の受給に関する相談は家族や友人が行ってもかまわないのか？","福祉局"
"国民年金とは何ですか？","福祉局"
"老人福祉センターについて知りたいのですが？","福祉局"
"障がい児の歯を診てくれるところはどこですか？","福祉局"
"障がい者の団体がバスを貸し切る場合に助成金が出るのですか？","福祉局"
"ひとり暮らしのお年寄りのために、寝具の洗濯などのサービスがありますか？","福祉局"
"点字の本を購入する時に助成が出るのですか？","福祉局"
"生活介護制度のことを教えてください。","福祉局"
"障がい者のショートステイ制度があるのですか？","福祉局"
"国民年金の任意加入期間に加入していなかった障がい者でも、給付金がありますか？","福祉局"
"重度障がい者医療費助成の対象者ですが、住所変更の手続きについて教えてください。","福祉局"
"国民年金の免除や猶予についての所得基準について知りたい。","福祉局"
"外国に住むことになったが、国民年金に加入できるかについて知りたい。","福祉局"
"国民年金の「保険料」はいくらですか？","福祉局"
"身体障がい者手帳を紛失してしまって、再交付してもらいたいのですが？","福祉局"
"国民健康保険証の更新はいつ？","福祉局"
"健康に関すること、生活習慣病の予防について教えてください。","福祉局"
"特別障がい者手当について教えてください。","福祉局"
"ひとり暮らしのお年寄りが、緊急のときにすぐに知らせる事ができるシステムはありますか？","福祉局"
"重度身体障がい者の入浴サービスがあるのですか？","福祉局"
"障がい者就業・生活支援センターは何をしている施設ですか？","福祉局"
"心身障がい者の共済制度とはどんなものですか？","福祉局"
"住宅用火災警報器の給付を受けたい。","福祉局"
"就労支援には雇用型と非雇用型があるのですか？","福祉局"
"外国人の心身障がい者に給付金がもらえるのですか？条件は？支給額は？","福祉局"
"身体障がい者用に自動車を改造する時に助成してもらえるのですか？","福祉局"
"重症心身障がい者介護手当とは何ですか？","福祉局"
"障がい児に手当が出されると聞いたのですが？","福祉局"
"健康保険で出産費用を直接病院に支払われる制度があると聞いたのですが？","福祉局"
"大阪市国民健康保険の出産育児一時金について知りたい。","福祉局"
"聴覚障がい者相談をしたい。","福祉局"
"障がいのある人に対して何か料金の減免はしていますか？","福祉局"
"盲ろう者に通訳や介助者を派遣してくれるのですか？","福祉局"
"国民健康保険料決定通知書の保険料額は世帯の合計額ですが、個人単位の保険料額内訳を教えてください。","福祉局"
"手話奉仕員(ボランティア)になりたいのですが？","福祉局"
"障がい者が仕事につけるように支援してもらえるのですか？","福祉局"
"身体障がい者手帳の変更申請はどこですればいいですか？","福祉局"
"視覚障がい者や聴覚障がい者に補助犬（盲導犬・聴導犬・介助犬）を貸してもらえる制度のことを教えてください。","福祉局"
"心身障がい者に、情報処理などの職業訓練を行っている所はありますか？","福祉局"
"障がい者の訪問指導をしてくれるのですか？","福祉局"
"難病見舞金について教えてください。","福祉局"
"重度障がい者に医療費助成があるのですか？","福祉局"
"重度障がい者医療費助成制度の助成方法について教えてください。","福祉局"
"点字図書館とは何ですか？","福祉局"
"更生医療はどこの医療機関でも受けられますか？","福祉局"
"国民健康保険証による医療費の自己負担割合について知りたい。","福祉局"
"障がい児福祉手当のことで変更があるのですが？","福祉局"
"身体障がい者手帳は不用になった時返さなくていいのですか？","福祉局"
"更生医療は自己負担がありますか？","福祉局"
"18歳以上で障がいを持っていますが、医療費の援助はありますか？","福祉局"
"障がい児のデイサービスについて教えてください。","福祉局"
"国民健康保険料の納付書を紛失してしまったのですが、どうすればいいですか？","福祉局"
"保険料の減免の申請はどこですればいいですか？","福祉局"
"国民健康保険料の所得割の算定において、居住用財産を譲渡し譲渡損失がある場合は、他の所得と通算されますか？","福祉局"
"国民健康保険料の所得割の算定に使用する「総所得金額等」について教えてください。","福祉局"
"国民健康保険料の所得割の算定において、株式譲渡所得等がある場合は、損益通算や繰越損失による控除は可能ですか？","福祉局"
"やむを得ない理由で障がい者医療証を提示できなかったのですが、払戻してもらえますか？","福祉局"
"重度の身体障がい者に日常生活品を給付してもらえる制度があるのですか？","福祉局"
"特別障がい者手当のことで変更があるのですが？","福祉局"
"障がい者のことで相談したいのですが、家まで訪問してもらえますか？","福祉局"
"身体障がい者手帳について教えてください。","福祉局"
"重度障がい者に対して訪問介護をしてくれるのですか？","福祉局"
"障がい者の介護にヘルパーさんを派遣してもらいたいのですが？","福祉局"
"身体障がい者手帳の申請をしたいのですが、医師に訪問してもらうことはできますか？","福祉局"
"知的障がい者にも手帳が交付されるのですか？","福祉局"
"障がい者に対する交通機関利用料の割引について教えてください。","福祉局"
"身体障がい者手帳をもらう時の診断はどこでやってもらえるのですか？","福祉局"
"障がい者向けの健康診断はありますか？","福祉局"
"大阪市に引っ越す前に住んでいた市町村で決定されていた国民健康保険料と、額が違うのですが？","福祉局"
"障がい者の移動支援について教えてください。","福祉局"
"身体障がい者の医療費は助成してもらえるのですか？","福祉局"
"障がい者の生活を支援しているところがあると聞いたのですが、具体的に何を行っているのですか？またどこで行っているのですか？","福祉局"
"障がい者スポーツセンターのことを教えてください。","福祉局"
"障がい者には有料道路料金の割引があるのですか？","福祉局"
"手話通訳者を派遣してもらえるのですか？","福祉局"
"障がい者向けの講習会はどんなものがありますか？","福祉局"
"盲ろう者向けの通訳や介助人の派遣事業について教えてください。","福祉局"
"更生医療は所得制限がありますか？","福祉局"
"目や耳に障がいのある子供用の施設はありますか？","福祉局"
"寝たきりの障がい者を支援する制度はありますか？","福祉局"
"常に介護を必要とする知的障がいの子が安全に生活できるように介護してくれる制度があると聞いたのですが？","福祉局"
"障がいを持つ子供がいるのに病気になってしまいました。助けてくれるところはありますか？","福祉局"
"障がい者が暮らしやすいように家を改造する(バリアフリーなど)場合、助成金は出ますか？","福祉局"
"在宅の障がい者の社会参加を促すような活動はありますか？","福祉局"
"障がい者の日常生活訓練をしていると聞いたのですが？","福祉局"
"重症心身障がい者通所施設について教えてください。","福祉局"
"平成18年度から、国民健康保険料の算定方法が変わったと聞いたのですが？","福祉局"
"社会福祉研修・情報センターとはどのような施設ですか？","福祉局"
"心身障がい者の総合的な相談を行っている施設はどこですか？","福祉局"
"専門医に障がい者の医療相談をしたいのですが？","福祉局"
"身体障がい者手帳はどこで交付してもらえるのですか？","福祉局"
"付加年金制度について、詳しく教えてください。","福祉局"
"委員会の傍聴手続きについて教えてください。","市会事務局"
"本会議の傍聴方法について教えてください。","市会事務局"
"議案等が議決されるまでの議会の流れを教えてほしい。","市会事務局"
"議員の所得を知りたいのですが、どうすればいいですか？","市会事務局"
"大阪市会は「大阪市議会」と呼ばないのですか？","市会事務局"
"本会議、常任・特別委員会の記録を閲覧したい。","市会事務局"
"市会運営委員会とは何をする委員会ですか？","市会事務局"
"大阪市会の定例会と臨時会について教えてください。","市会事務局"
"大阪市会の歴史を調べたいのですが？","市会事務局"
"議員事務所の連絡先(住所、電話)を教えてください。","市会事務局"
"市会だよりは、いつ発行されるのですか？","市会事務局"
"大阪市会の会派とは何ですか？","市会事務局"
"本会議では何が行われているのですか？","市会事務局"
"大阪市会の本会議、常任・特別委員会、決算特別委員会の日程を教えてほしい。","市会事務局"
"大阪市会に対する請願と陳情について教えてください。","市会事務局"
"請願・陳情の記入方法(要件・様式)について教えてください。","市会事務局"
"大阪市会の常任委員会では何が行われているのですか？","市会事務局"
"大阪市会議員の男性と女性の割合は？","市会事務局"
"大阪市会とは何ですか？","市会事務局"
"市会事務局では何を行っているのですか？","市会事務局"
"大阪市会の議長と副議長は何をするのですか？","市会事務局"
"大阪市の市会議員について教えてください。","市会事務局"
"大阪市職員採用試験に関する質問はどこにすればいいですか？","行政委員会事務局"
"衆議院の選挙区の仕組みについて知りたい。","行政委員会事務局"
"視覚に障がいのある方向けに、選挙公報はありますか？","行政委員会事務局"
"過去の選挙の投票率や結果についてのデータを知りたいのですが？","行政委員会事務局"
"監査報告書を見たいのですが、どうしたらいいですか？","行政委員会事務局"
"どのような場合に選挙は行われるのですか？","行政委員会事務局"
"選挙人名簿の登録には何か手続きが必要ですか？","行政委員会事務局"
"国会議員の定数や任期について知りたい。","行政委員会事務局"
"海外に住んでいる方の投票方法(在外投票)について知りたい。","行政委員会事務局"
"被選挙権について知りたい。","行政委員会事務局"
"選挙人名簿について知りたい。","行政委員会事務局"
"選挙の期日というのはどのように定められているのですか？","行政委員会事務局"
"20歳になれば誰でも選挙権を持つ事ができるのですか？","行政委員会事務局"
"身体に重度の障がいのある方の投票方法(在宅での郵便投票)について知りたい。","行政委員会事務局"
"投票方法にはどんなものがありますか？","行政委員会事務局"
"選挙について知りたい。","行政委員会事務局"
"選挙啓発について知りたい。","行政委員会事務局"
"候補者を知るにはどうすればいいですか？","行政委員会事務局"
"大阪市で行われる次の選挙はいつですか？","行政委員会事務局"
"期日前投票(不在者投票)の方法は？","行政委員会事務局"
"選挙について問い合わせをしたいのですが、どちらになりますか？","行政委員会事務局"
"出張先等の市区町村で不在者投票する方法は？","行政委員会事務局"
"入院・入所中の病院や老人ホームで不在者投票をする方法は？","行政委員会事務局"
"選挙についての「投票案内状」が届かないときや、なくしたときは？","行政委員会事務局"
"選挙の投票時間は？","行政委員会事務局"
"いくつになったら選挙権が持てますか？","行政委員会事務局"
"住民監査請求とはどのような制度か教えてください。","行政委員会事務局"
"定期監査及び行政監査等の指摘により各局が行った改善内容(措置)を見たいのですが、どうしたらいいですか？","行政委員会事務局"
"住民監査請求はどのようにするのですか？","行政委員会事務局"
"夜間学級というものがあると聞いたのですが、どのようなものですか？","教育委員会事務局"
"大阪市の講演会や講座、イベントなどを紹介する情報誌はありますか？","教育委員会事務局"
"地域識字・日本語交流教室を行っている小学校を知りたい。","教育委員会事務局"
"転校の手続きについて教えてください。","教育委員会事務局"
"学区外の市立小・中学校へ通学させる手続きを教えてください。","教育委員会事務局"
"中央図書館で障がい者のためのサービスがありますか？","教育委員会事務局"
"最寄りの学習センター（総合生涯学習センター、市民学習センター）を教えてください","教育委員会事務局"
"生涯学習インストラクターバンク事業について知りたい。","教育委員会事務局"
"産休代替等教員・非常勤講師等の募集について教えてほしい。","教育委員会事務局"
"大阪市音楽団はどのような活動を行っていますか？","教育委員会事務局"
"高齢者を対象にしたセミナーはありますか？","教育委員会事務局"
"読みたい本が図書館にあるかどうか調べることができますか？","教育委員会事務局"
"日本語学習の推進に向けた活動はありますか？","教育委員会事務局"
"高校で学ぶための奨学金の制度はありますか？","教育委員会事務局"
"学校教材費などの援助を受けられると聞いたのですが、どうしたらいいですか？","教育委員会事務局"
"生涯学習ルーム事業について知りたい。","教育委員会事務局"
"大阪市立学校の長期休業期間を教えて欲しい。(夏休み、冬休み、春休み)","教育委員会事務局"
"学校でのセクハラに悩んでいます。どこか相談できる窓口はありませんか？","教育委員会事務局"
"障がいのある子どもの就学先などについて相談したい。","教育委員会事務局"
"生涯学習推進員養成事業について知りたい。","教育委員会事務局"
"国立・私立の小・中学校への入学届出はどうすればいいですか？","教育委員会事務局"
"大阪市教員採用選考テストに申込みたいのですが？","教育委員会事務局"
"図書館で本を借りたいのですが、どうしたらいいですか？","教育委員会事務局"
"最寄りの図書館を教えてください。","教育委員会事務局"
"大阪市教員採用選考テストの受験案内はどこで手に入りますか？","教育委員会事務局"
"中学校の通信教育を受けることができますか？","教育委員会事務局"
"総合生涯学習センター、各市民学習センターの事業内容について知りたい。","教育委員会事務局"
"教育委員会会議の日程を教えてほしい。","教育委員会事務局"
"市立小・中学校へ通学させるのに経済的に苦しいので、援助してほしい。","教育委員会事務局"
"「周知の埋蔵文化財包蔵地」で土木工事をするときには、どのような手続きが必要ですか？","教育委員会事務局"
"小・中学校の入学の手続きについて教えてください。","教育委員会事務局"
"天王寺中学校の通信教育について知りたい。","教育委員会事務局"
"病院に入院している子どもに訪問教育をしてもらえますか？","教育委員会事務局"
"障がいのある子どもも、地域の小学校に入学できますか？","教育委員会事務局"
"大阪市の市歌について教えてください。","教育委員会事務局"
"子供向けの博物館はありますか？","教育委員会事務局"
"大阪市の市制が施行されたのはいつですか？","教育委員会事務局"
"大阪市の市名の由来は何ですか？","教育委員会事務局"
"手作り工芸ができる施設はありますか？","教育委員会事務局"
"各区の生涯学習ルームについて知りたいのですが？","教育委員会事務局"
"大阪城音楽堂について教えてください。","教育委員会事務局"
"水道料金の口座振替はどこの銀行でもできるのか？","水道局"
"水道の使用開始・中止、名義変更について知りたい。","水道局"
"(断水・減水に伴う)水道工事の連絡(広報車・ビラ等)があった時はどうすればいいですか？","水道局"
"漏水によって発生した水道料金も支払うのですか?","水道局"
"給水について知りたい。","水道局"
"水道水の出が悪い時はどうすればいいですか？","水道局"
"水道管が凍結した時はどうすればいいですか？また、どうすれば予防できますか？","水道局"
"水道管から水が噴出した時はどうすればいいですか？","水道局"
"水道の蛇口から赤く濁った水が出た時はどうすればいいですか？","水道局"
"水道の蛇口から白い水が出た時はどうすればいいですか？","水道局"
"工業用水道について知りたい。","水道局"
"大阪市はどこの浄水場から水が送られてきているのですか？","水道局"
"水道局で浄水器の訪問販売を行っていますか？","水道局"
"水道水の臭いがある時はどうすればいいですか？","水道局"
"水洗トイレ・湯沸かし器の水が止まらない時はどうすればいいですか？","水道局"
"水道料金などについて相談したいことがあるのですが、どこに問合せればいいですか？","水道局"
"水道が故障した時はどうすればいいですか？","水道局"
"民間マンションの水道検針及び料金収納について知りたい。","水道局"
"給水工事費の貸付斡旋について知りたい。","水道局"
"水道料金等を、クレジットカードで支払いはできないのでしょうか。","水道局"
"水道料金の減免措置はありますか？","水道局"
"ICカード利用について知りたいのですが？","交通局"
"バス営業所の電話番号を教えてください。","交通局"
"地下鉄車内の空調を効かせすぎではないのか。","交通局"
"地下鉄の駅には、オストメイト対応のトイレがありますか？","交通局"
"地下鉄やバスで使えるカード乗車券にはどのようなものがありますか？","交通局"
"女性専用車両には女性しか乗れないのですか？","交通局"
"バスにベビーカーを乗せられますか？","交通局"
"クレジットカードで定期券を購入することができますか？","交通局"
"地下鉄・バスの車内に忘れ物をしました、どこへ問い合わせればよいですか？","交通局"
"地下鉄やバスの乗車料金を教えてください。","交通局"
"団体乗車券の購入条件を教えてほしい。","交通局"
"地下鉄の駅の電話番号を教えてください。","交通局"
"通学定期券を購入するためには何が必要ですか？","交通局"
"定期券発売所は何時までやっていますか？","交通局"
"地下鉄の駅のトイレは車いすのまま利用できますか？","交通局"
"乗車券の払戻しはできますか？","交通局"
"各駅に定期券発売機を設置してほしい。","交通局"
"バス回数券は何枚つづりでいくらですか？","交通局"
"携帯電話からアクセスできる市営交通(地下鉄・ニュートラム・バス)のホームページはありますか？","交通局"
"バスの環境定期券制度とは何ですか？","交通局"
"定期券はいつから買えますか？","交通局"
"定期券を紛失してしまったのですが、再発行してもらえるのですか？","交通局"
"バスとバスを乗り継いだ時に割引はありますか？","交通局"
"障がい者割引を受ける条件を教えてほしい。","交通局"
"梅田、東梅田、西梅田駅で乗り継ぎはできますか？","交通局"
"子供の乗車料金について教えてください。","交通局"
"普通券を紛失した場合、再発行や返金をしてもらえるのですか？","交通局"
"地下鉄の駅には、誘導・警告ブロックはありますか？","交通局"
"地下鉄・ニュートラム・バスの時刻表、乗継方法、所要時間や運行情報等を知りたい時はどうしたらいいですか？","交通局"
"地下鉄とバスを乗り継いだ時に割引はありますか？","交通局"
"電話での119番通報が困難な場合にはどのようにしたらいいですか？","消防局"
"防火管理制度(防火管理者選任義務・資格・責務等)について知りたい。","消防局"
"火災の時はどのように119番をかけたらいいですか？","消防局"
"消防学校へは、どの位の期間入校するのですか？","消防局"
"消防に関する相談先について知りたい。","消防局"
"携帯電話・PHSからはどのように119番をかけたらいいですか？","消防局"
"ストレッチャーや車椅子に乗ったままの状態で病院へ行きたいのですが、手段がなくて困っています。搬送してもらえますか？","消防局"
"119番はどこにかかりますか？","消防局"
"応急手当の講習について知りたい。","消防局"
"火を使用する設備等の設置又は変更の届出について知りたい。","消防局"
"救急の時はどのように119番をかけたらいいですか？","消防局"
"大阪市消防の出初式の開催についてを教えてください。","消防局"
"消防用設備等・特殊消防用設備等の相談窓口、届出等について知りたい。","消防局"
"消防署に相談したいことがあるのですが、どこに電話すればいいですか？","消防局"
"突然の病気・けがのとき、どうすればいいですか？","消防局"
"住宅用火災警報器の設置は義務ですか？また設置に助成などはありますか？","消防局"
"消防隊員が着用する防火服の性能を教えてください。","消防局"
"火災の時の避難の仕方を教えてください。","消防局"
"大阪市消防職員が身につけている被服は購入できますか？","消防局"
"危険物の取扱いについて知りたい。","消防局"
"消防設備士の資格試験を受けるには、どうしたらいいですか？","消防局"
"危険物取扱者の資格試験を受けるには、どうしたらいいですか？","消防局"
"阿倍野防災センターについて知りたい。","消防局"
"消火器はどのように廃棄すればよいか？","消防局"
"火災とまぎらわしい煙等を発する恐れのある行為をする時、何か手続きが必要ですか？","消防局"
"危険物とは？","消防局"
"区役所の派出銀行窓口はどんな業務をしているのですか？","会計室"
"会計室は何を行っている所ですか？","会計室"
"大阪市の証紙について教えてください。","会計室"
"南港ポートタウンについて教えてください。","港湾局"
"フェリー乗り場はどこにありますか？","港湾局"
"天保山ハーバービレッジについて教えてください。","港湾局"
"フェリーのことを教えてください。","港湾局"
"臨海部のまちづくりについて教えてください。","港湾局"
"舞洲アーバンオートビレッジについて知りたい。","港湾局"
"舞洲バーベキューガーデンについて教えてください。","港湾局"
"大阪南港野鳥園について知りたい。","港湾局"
"大阪南港魚つり園について知りたい。","港湾局"
"船舶の大阪湾出入港状況をインターネットで見られるのですか？","港湾局"
"港湾局で所管する土地はどのくらいありますか？","港湾局"
"臨港地区内構築物規制について教えてください。","港湾局"
"なぜ港湾環境整備負担金を徴収する必要があるのですか？","港湾局"
"港湾管理者制度とは何ですか？","港湾局"
"港湾管理者の業務内容は何ですか？","港湾局"
"大阪港はどんな港ですか？","港湾局"
"天王寺動物園の入園料金はいくらですか？","建設局"
"天王寺動物園・天王寺公園への最寄駅について教えてください。","建設局"
"大阪城西の丸庭園への行き方を教えてください。","建設局"
"認定道路・非認定道路って何の事ですか？また、見分け方はあるのですか？","建設局"
"閉庁時間帯の事故等の緊急連絡先はありますか？","建設局"
"家の前(付近)に放置自転車(ミニバイク)があるのですが、どうしたらいいですか？","建設局"
"街灯の電球がきれてるので、つけてください。","建設局"
"市内各駅で撤去された自転車の保管場所を教えてください。","建設局"
"自転車を撤去されてしまったのですが、返してもらうにはどうしたらいいですか？","建設局"
"市有地や道路の境界明示を受けるには何が必要ですか？","建設局"
"市の認定道路にある街灯を増やして欲しいのですが、どこへ届出ればいいですか？","建設局"
"天王寺動物園に車で行きたいのですが、駐車場はありますか？","建設局"
"梅の名所はどこですか？","建設局"
"大阪市役所の道路資料閲覧コーナーでは何ができるのですか？","建設局"
"野鳥の雛を見つけたのですがどうすればよいですか？","建設局"
"家の中が下水臭いのですが、何が原因か分かりますか？","建設局"
"休日や夜間に家の前の下水道が詰まって溢れているようなのですが、何とかしてください。","建設局"
"私道に下水道管を通してもらいたいのですが？","建設局"
"側溝の流れが悪いのですが、何とかしてもらえませんか？","建設局"
"道路や、橋梁（きょうりょう）の管理はどこが行っているのですか？","建設局"
"広告塔や広告板はどのくらいの大きさまで良いのですか？","建設局"
"特殊な車両の通行許可の申請方法を教えてください。","建設局"
"水洗トイレに誤って異物を流してしまったのですが、どうすればいいですか？","建設局"
"マンホールのふたがガタガタ音がするのですが、どこに知らせたらいいですか？","建設局"
"私道に街灯がなく暗いのですが、街灯を設置してもらえませんか？","建設局"
"夜桜(ライトアップされた桜)を見られるところはないですか？","建設局"
"公園内で集会等の催し物を行いたいのですが、勝手に開催してもいいのですか？","建設局"
"大阪市内でバラが見られる公園はありますか？","建設局"
"公園で花火をしてもよいですか？","建設局"
"咲くやこの花館とはどんな施設ですか?","建設局"
"下水道がどこにどう流れているのか知りたいのですが？","建設局"
"かたづけ・たいとは何ですか？","建設局"
"広告禁止の場所はどこですか？","建設局"
"道路に看板を設置したいのですが、何か許可がいりますか？","建設局"
"学校や幼稚園、保育園の遠足で動物園に行きたいのですが、料金は必要ですか？","建設局"
"天王寺動物園は何時までやっていますか？","建設局"
"渡船場（とせんば）はどこにありますか？","建設局"
"市有地の隣に建物を建てる時の境界明示申請について教えてください。","建設局"
"花と緑と自然の情報センターについて知りたい。","建設局"
"城北菖蒲園の開園時期はいつですか？","建設局"
"下水道の敷地に工事用の板囲いをしたいのですが、許可は必要ですか？","建設局"
"工場排水の規制について知りたい","建設局"
"不愉快な張り紙や看板への対策はどうなっていますか？","建設局"
"難波・谷九近辺の公営駐車場を教えてください。","建設局"
"長堀通・谷町近辺の公営駐車場を教えてください。","建設局"
"新大阪・十三近辺の公営駐車場を教えてください。","建設局"
"南港中央公園バーベキュー広場について知りたい。","建設局"
"「はな咲かつちさん(花の土)」の配付について教えてください。","建設局"
"集水ますの蓋が割れているのですが、どこに連絡すればいいですか？","建設局"
"路上に放棄された自動車があるがどうすればよいか？","建設局"
"ディスポーザ(生ごみ粉砕機)を設置してもよいのでしょうか？","建設局"
"草花の育て方について相談したいのですが？","建設局"
"公園の維持に関する緊急な相談を受け付けてくれるところはありますか？","建設局"
"公営駐車場でお得なプリペイドカードがあると聞いたのですが、どのようなものですか？","建設局"
"天王寺公園について知りたい。","建設局"
"天王寺動物園について教えてください。","建設局"
"慶沢園について教えてください。","建設局"
"長居植物園について知りたい。","建設局"
"公営駐車場にはプリペイドカード以外で割引がありますか？","建設局"
"河川の占用許可の手続きを教えてください。","建設局"
"巨大広告を出す時には特別な許可は必要ですか？","建設局"
"下水道用地に土地が隣接しているのですが、境界確定をしてもらえますか？","建設局"
"公園管理の為の取り組みについて知りたい。","建設局"
"阿波座・船場近辺の公営駐車場を教えてください。","建設局"
"谷四・法円坂近辺の公営駐車場を教えてください。","建設局"
"下水道用地を売却してほしいのですが？","建設局"
"大きめのネオン看板を出す時には消防署の許可が必要になると聞いたのですが？","建設局"
"道路の側溝あたりから悪臭がするので調査してください。","建設局"
"道路から下水があふれているのですが、どこへ連絡すればいいですか？","建設局"
"梅田・大阪駅・扇町近辺の公営駐車場を教えてください。","建設局"
"市営の駐輪場はどこにありますか？","建設局"
"鶴見緑地について知りたい。","建設局"
"下水道使用料について教えてください。","建設局"
"動物についての質問があります。","建設局"
"大阪市営の動物園はありますか？","建設局"
"公園でバーベキューをしてもよいですか？","建設局"
"地域で花や植木の育て方や飾り方の講習会を開きたいので、講師等の派遣はできますか？","建設局"
"河川の管理はどこが行っているのですか？","建設局"
"下水道管が詰まったのですが、どこに連絡すればよいですか？","建設局"
"自分で敷設した排水設備から公共下水道に下水を流してもいいですか？","建設局"
"下水道使用料の請求はどのようになっていますか？","建設局"
"屋外に広告を出す時に許可がいるのですか？","建設局"
"市や区の花を教えてください。","建設局"
"有料自転車駐車場の料金を教えてください。","建設局"
"天王寺動物園にはどんな動物がいますか？","建設局"
"せせらぎの里について知りたい。","建設局"
"下水道のしくみについて知りたい。","建設局"
"四季の庭について知りたい。","建設局"
"結婚の予定がありますが新婚世帯向けになにか補助はありませんか？","都市整備局"
"大阪市立住まい情報センターについて教えてください。","都市整備局"
"湊町リバープレイスについて知りたい。","都市整備局"
"市営住宅の申込みについて教えてください。","都市整備局"
"土地区画整理事業とは何ですか？","都市整備局"
"大阪市内で土地区画整理事業を行ったところの図面を見たい。","都市整備局"
"大阪市エコ住宅とは何ですか？","都市整備局"
"大阪市住まい公社について教えてください。","都市整備局"
"再開発事業とは何ですか？","都市整備局"
"古くなった住宅の建替をする場合に、入居者への補助(家賃補助等)はありますか？","都市整備局"
"古くなった建物を住宅に建替えようと思うのですが、相談に乗ってくれるところはありますか？","都市整備局"
"災害に強いマンションには、プレートがついていると聞いたのですが？","都市整備局"
"住まいについて相談したいのですが、どこに相談すればいいですか？","都市整備局"
"耐震診断が義務付けられた建築物に対する補助制度について知りたい。","都市整備局"
"長期優良住宅の認定を受けたいのですがどうすればいいですか。","都市整備局"
"狭あい道路拡幅促進整備事業について知りたい。","都市整備局"
"市営住宅の補修はどこに言えばいいですか？","都市整備局"
"古くなった建物を建替える時の建設費補助(単独建替、共同建替、協調建替)について知りたい。","都市整備局"
"大阪くらしの今昔館の入場料はいくらですか？","都市整備局"
"耐震診断・改修補助事業(助成)について知りたい。","都市整備局"
"耐火の家を建てる人には助成が出るというのは本当ですか？","都市整備局"
"子育て安心マンションとは何ですか？","都市整備局"
"区画整理を行なっている地域内で家を新築したり増築したりする場合、手続きが必要と聞いたのですが？","都市整備局"
"古くなった住宅を建替える時の建設資金融資について知りたい。","都市整備局"
"公社一般賃貸住宅・公社すまいりんぐについて教えてください。","都市整備局"
"民間すまいりんぐについて教えてください。","都市整備局"
"住まいの耐震出前講座について知りたい","都市整備局"
"仮換地証明はどこでもらえますか？","都市整備局"
"住所・氏名・本籍を変更したのですが、霊園の使用に関してなにか届出は必要ですか？","環境局"
"自宅前に不法投棄物が置かれているので、すぐ処理してほしい。","環境局"
"掃除機・炊飯器の捨て方を教えてください。","環境局"
"缶・びん・ペットボトルは同じ袋に入れていいのか？","環境局"
"蛍光灯管、電球はどのように捨てればいいですか？","環境局"
"動物の死体処理はどうしたらいいか？","環境局"
"ごみに関する問合せはどこにすればいいんですか？","環境局"
"集積場所へのごみの出し方(マナー)が悪いので何とかして欲しい。","環境局"
"葬儀費用を負担してもらえる制度はありますか？","環境局"
"集積場所のごみがカラス・猫によって散乱している。","環境局"
"家電リサイクル品の出し方を教えてください。","環境局"
"道路上で飼い主のわからない野良犬（猫）が死んでいるのですが、処理してもらえませんか？","環境局"
"傘はどうやって捨てたらいいですか？","環境局"
"家庭で飼っていた動物死体(わに・蛇なども)を処理してもらえるのですか？","環境局"
"引越などによる大量のごみはどこに捨てたら良いですか？","環境局"
"粗大ごみの申込方法を教えてほしい。","環境局"
"騒音の規制について教えてください。","環境局"
"騒音・振動・悪臭等で困っています。どこに相談すればいいですか？","環境局"
"粗大ごみの手数料を教えてほしい。","環境局"
"マタニティウェア・ベビー服・子ども服はどのようにすればリサイクルできますか？","環境局"
"乾電池・ボタン電池の出し方はどうすればいいですか？","環境局"
"ごみを直接持込んで処分したいのですが、自己搬入の持込み場所はどこですか？","環境局"
"路上喫煙禁止地区でタバコを吸うとどうなりますか？","環境局"
"粗大ごみの手数料はどこで支払うのか教えてほしい。","環境局"
"使用済小型家電の出し方を教えてください。","環境局"
"「コミュニティ回収」とは？また、始めるにはどのような手続きが必要ですか？","環境局"
"粗大ごみ受付センターの電話番号を教えてください。","環境局"
"発泡スチロールはどのように捨てればいいですか？","環境局"
"公害の苦情・相談はどこで受付けていますか？","環境局"
"市営霊園について知りたい。","環境局"
"普通ごみでも回収に料金がかかることがありますか？","環境局"
"新築マンションなどのごみ置き場の事前協議について教えてください。","環境局"
"リフレうりわりとはどんな施設ですか？","環境局"
"使用済の自動車はリサイクルされますか？","環境局"
"引っ越してきたがごみは「いつ」、「どこへ」出したらよいか？","環境局"
"事業所(店舗・事務所)から出るごみは、どう処理したらいいですか？","環境局"
"火災後のごみはどのように処理すればいいですか？","環境局"
"し尿の処理方法について知りたい。","環境局"
"お葬式を低価格でする方法を教えてください。","環境局"
"粗大ごみ受付センターにつながらない。どうしたらいいですか？","環境局"
"新聞や雑誌などの資源の集団回収を行っている団体に何か補助が出ると聞いたのですが、どこに申込めばいいですか？","環境局"
"家電リサイクルの対象品は何ですか？","環境局"
"大阪市では環境学習についてどのようなことをしていますか？","環境局"
"使用済自動車の引取業の登録をしたいのですが、手続きはどうしたらいいですか？","環境局"
"特定建設作業実施届出を行う場合、建設工事の下請負人が届出することはできますか。","環境局"
"アスベストに関する各種相談窓口を教えてください。","環境局"
"公害防止管理者について教えてください。","環境局"
"路上喫煙禁止区域があると聞きましたが、どこですか？","環境局"
"自動販売機に併設する回収容器の大きさに決まりはありますか？","環境局"
"粗大ごみの収集日・品目の変更、追加はどこで受付けていますか？","環境局"
"ごみの分け方について、教えてほしいのですが？","環境局"
"割れたもの(ガラス・陶器など)の出し方はどうすればいいですか？","環境局"
"アスベストに関する労災補償について相談したい。","環境局"
"住んでいる地域が資源集団回収をしているか、どこに聞けばよいか？","環境局"
"大阪市には最終処分場が何箇所あるのですか？","環境局"
"霊園使用者が亡くなったのですが、その霊園の使用権の承継に関してなにか届出は必要ですか？","環境局"
"納骨堂はありますか？","環境局"
"収集後にごみを出した人がいて、回収されなかったごみが残っているんですがどうすればいいですか？","環境局"
"粗大ごみの手数料の減免について教えてほしい。","環境局"
"シールが貼ってある粗大ごみが放置されているが、どうしたらよいのか？","環境局"
"環境影響評価制度(環境アセスメント制度)とは何ですか？","環境局"
"どんなごみが残置されますか？また、残置されたごみはどうしたらいいですか？","環境局"
"粗大ごみの種類・大きさを教えてほしい。","環境局"
"粗大ごみの出し方を教えてください。","環境局"
"古紙・古着・古布はどこに出したらいいですか？","環境局"
"ISO14001の認証を取得するために必要となる、環境関連の法・条例について教えてください。","環境局"
"太陽光発電システムの補助制度について教えてください。","環境局"
"カラオケの騒音に対する規制はどうなっていますか？","環境局"
"アスベストを使った建築物を解体する時に届出は必要ですか？","環境局"
"産業廃棄物の定義について知りたい。","環境局"
"大規模な事業用のオフィスビル・店舗・倉庫などの建物に、何かごみ減量に対する指導などは行っていますか？","環境局"
"スプレー缶・カセットボンベは、どうやって捨てたらいいですか？","環境局"
"最終処分場にはどんなものが埋立処分されるのですか？","環境局"
"体が不自由で所定の場所にごみを出しに行けないのですが、何かいい方法はありますか？","環境局"
"焼却工場を見学したいのですが、どのようにして申込めばいいですか？","環境局"
"家庭用パソコンはどうやって捨てたらよいのですか？","環境局"
"インクカートリッジはどのようにすればリサイクルできますか？","環境局"
"大阪市では地球温暖化対策として何か取り組みを行っていますか？","環境局"
"グリーン購入とは何ですか？","環境局"
"特定建設作業実施届出を行う場合、何日前までに行えばよいのですか?","環境局"
"車の排気ガス対策は何かしていますか？","環境局"
"土壌汚染対策はどうなっていますか？","環境局"
"大阪市の環境状況や環境施策全般に関する資料はありますか？","環境局"
"なにわエコライフチャレンジシート（環境家計簿）について教えてください。","環境局"
"焼却工場で燃やした灰はどこへ行くのか？","環境局"
"薬品の処分方法について知りたいのですが？","環境局"
"ごみ袋は透明か半透明でなければいけないのですか？","環境局"
"新聞やアルミ缶などの持ち去りをする人がいます。どのような対応をしていますか？","環境局"
"資源集団回収とは？また、始めるにはどのような手続きが必要ですか？","環境局"
"納豆の容器がきれいに洗えないがそのままでよいか？","環境局"
"工場から排出される窒素酸化物の対策はしていますか？","環境局"
"光化学スモッグ対策はどうなっていますか？","環境局"
"環境月間について教えてください。","環境局"
"まちの美化のためにどのような取組みを行っていますか？","環境局"
"大阪市が収集しない品目はどのようなものがあるか？","環境局"
"廃棄物減量等推進員はどのような活動を行っているんですか？","環境局"
"最寄りの市立斎場を教えてください。","環境局"
"市立斎場の式場使用料について教えてください。","環境局"
"火葬料金を教えてください","環境局"
"ラップ(プラスチック製容器包装)などの、値段シールがはがれないがどうしたらよいか？","環境局"
"プラスチックの商品(おもちゃ、文具など)はプラスチック製容器包装の収集日に出してよいか？","環境局"
"遊んだ後の花火はどうやって捨てたらいいですか？","環境局"
"遺骨を他の霊園等から泉南メモリアルパークに移すとき(改葬)の手続きを教えてください。","環境局"
"泉南メモリアルパークの霊地申込みにあたって、申込み条件はありますか?","環境局"
"泉南メモリアルパークの墓地の募集はありますか。","環境局"
"泉南メモリアルパークへは車ではどのように行くのですか？","環境局"
"泉南メモリアルパークには駐車場はありますか？","環境局"
"泉南メモリアルパークへは電車ではどのように行くのですか。","環境局"
"子ども手当について","こども青少年局"
"母子健康手帳をもらうにはどうすればよいですか。","こども青少年局"
"不登校の子どもたちが通える施設はありますか？","こども青少年局"
"子育て世帯臨時特例給付金（子育て臨時給付金）の詳細を教えてください","こども青少年局"
"妊婦の公費負担健診を受けたいのですが。","こども青少年局"
"市立幼稚園の園児募集について知りたい。","こども青少年局"
"成人式はいつ、どのように開催されるのですか？","こども青少年局"
"赤ちゃんを産むのに、お金がなくて入院できません。どうしたらいいですか？","こども青少年局"
"助産師または保健師の訪問指導を受けたいのですが？","こども青少年局"
"保育施設・事業を利用したい（入所したい）のですが、どこに申込めばいいですか？","こども青少年局"
"子どもの虐待について相談したいのですが？","こども青少年局"
"保育ママになりたい人または、保育ママを利用したい人はどのようにすればよいですか","こども青少年局"
"妊婦の不安や子育ての心配について相談できるところはどこですか？","こども青少年局"
"民生委員・児童委員制度について教えてください。","こども青少年局"
"いじめのことで悩んでいるのですが、どこに相談すればいいのでしょうか？","こども青少年局"
"児童手当制度について知りたい。","こども青少年局"
"高校生(中学生)なのですが、妊娠したかもしれません。どうしたらいいですか？","こども青少年局"
"子どもを市立幼稚園に通わせたいのですが？","こども青少年局"
"妊婦の歯科健診や歯科相談について教えてください。","こども青少年局"
"案内状がなくても、成人の日のつどいに参加できますか？","こども青少年局"
"みおつくしの鐘の打鐘のつどいについて教えてください。","こども青少年局"
"大阪市は、こどもの日にちなんだイベントを開催していますか？","こども青少年局"
"児童扶養手当を受けられるのはどんな人ですか？","こども青少年局"
"不妊治療の際に助成金は出してもらえますか？","こども青少年局"
"母子健康手帳のことを教えてください。","こども青少年局"
"認可外保育施設(乳幼児の一時預かり施設など)の開設について何か届出が必要ですか？","こども青少年局"
"私立幼稚園に子どもを就園させている場合、保育料等の補助はありますか？(私立幼稚園就園奨励費補助金の申請について)","こども青少年局"
"子ども・青少年のための事業について教えてください。","こども青少年局"
"こども相談センターの教育相談では、どのような相談に応じてもらえるのですか？","こども青少年局"
"妊娠・出産や乳幼児の発育・発達、子育ての悩みがあるんですが、どこに相談したらいいですか？","こども青少年局"
"塾代助成事業の利用申請方法は？","こども青少年局"
"こども文化センターはどのような活動を行っていますか？","こども青少年局"
"母子家庭・父子家庭向けにヘルパーさんを派遣してもらえる制度があるのですか？","こども青少年局"
"父親に育児に参加してもらうことを目的とするようなセミナーか何かはありますか？","こども青少年局"
"一時預かりとは何ですか？","こども青少年局"
"こども医療費助成制度について教えてください。","こども青少年局"
"出産前に、小児科で育児に関する指導などを受けたいのですが？","こども青少年局"
"塾代助成事業で利用できる学習塾等になるための必要な手続きは？","こども青少年局"
"休日に小さな子供を預かってくれるところはありますか？","こども青少年局"
"障がいのあるこどもも、保育所に通うことはできますか？","こども青少年局"
"障がい児入所施設とは何をするところですか？","こども青少年局"
"青少年活動リーダースクールとはどのようなものですか？","こども青少年局"
"青少年の指導・育成等にかかる総合的施策の調査審議を目的とした協議会について知りたい。","こども青少年局"
"ひとり親家庭医療から老人医療費助成制度に移行してくださいという通知が届いたのですが？","こども青少年局"
"ファミリーサポートセンター事業について教えてください。","こども青少年局"
"親が病気の間だけ子供を預かってほしいのですが？","こども青少年局"
"保育施設・事業を利用する（入所する）のに基準はありますか？","こども青少年局"
"保育所の保育時間を延長して子どもを預かってもらいたいのですが？","こども青少年局"
"妊産婦や赤ちゃんの健康に関することで相談したいのですが？","こども青少年局"
"母子家庭・父子家庭・寡婦家庭のためのセンター(愛光会館)ではどのようなことをしているのですか？","こども青少年局"
"こども医療費の払戻し申請はどこですればいいのですか？","こども青少年局"
"病児・病後児保育事業(乳幼児健康支援デイサービス事業)について教えてください。","こども青少年局"
"青少年野外活動センターの利用方法は？","こども青少年局"
"母子家庭向けの施設に入りたいのですが？","こども青少年局"
"子どもが引きこもりがちです。何か良い手だてはありませんか？","こども青少年局"
"地域で養育者と子ども同士が交流できる場はありますか？","こども青少年局"
"ひとり親家庭医療費の払戻し申請はどこですればいいのですか？","こども青少年局"
"乳幼児の無料健診を受けたいのですが。","こども青少年局"
"ひとり親家庭自立支援給付金について教えてください。","こども青少年局"
"つどいの広場とは何ですか？","こども青少年局"
"子育ての活動支援事業について知りたい。","こども青少年局"
"ひとり親家庭医療費助成制度について教えてください。","こども青少年局"
"心身障がい児の相談に乗ってほしいのですが？","こども青少年局"
"乳幼児健康診査とは何ですか？","こども青少年局"
"子どものことで相談にのってほしいのですが？","こども青少年局"
"大阪市では、小学生のこどもを学校が終わってから放課後に預けられるところはありますか？","こども青少年局"
"長居ユースホステルについて教えてほしい。","こども青少年局"
"こども相談センターとはどんなところですか？","こども青少年局"
"乳幼児健診の日程を教えてください。","こども青少年局"
"母子父子寡婦福祉資金について教えてください。","こども青少年局"
"出産後に誰か介助してくれる人を頼みたいのですが？","こども青少年局"
"児童福祉施設にはどんな種類があるのですか？","こども青少年局"
"赤ちゃんの育児相談をしたいのですが？","こども青少年局"
"青少年センター(KOKOPLAZA)はどのような施設ですか？","こども青少年局"
"重症の心身障がいを持つ子供に訪問指導をしてもらえると聞いたのですが？","こども青少年局"
"メンタルフレンドについて教えてください。","こども青少年局"
"障がいを持つ子ども及び保護者が専門員に相談できるところはどこですか？","こども青少年局"
"里親になりたいのですが、里親について詳しく教えてください。","こども青少年局"
"入院してる間だけ赤ちゃんを預かって欲しいのですが？","こども青少年局"
"長期的な病気でどうしても子どもの世話をすることができないのですが、どうしたらいいですか？","こども青少年局"
"子育ていろいろ相談センターについて教えてください。","こども青少年局"
"週末里親事業について教えてください。","こども青少年局"
"民泊を営業したいのですが、申請は必要ですか","健康局"
"イタチ、カラス、ハトで困っています","健康局"
"家にハチの巣ができているので駆除してほしいのですが？","健康局"
"セアカゴケグモを見かけたのですが、どうすればいいですか？","健康局"
"感染症や食中毒などについての緊急連絡先を教えてください。","健康局"
"大阪市保健所ではどのような業務をやっているのですか？","健康局"
"ねずみ、ゴキブリなどの害虫に悩んでいます。どこか相談できるところはありませんか？","健康局"
"子宮頸がん検診を受けたいのですが、どうすればよいですか。","健康局"
"犬や猫が飼えなくなったのですが、引き取ってくれるようなところはありませんか？","健康局"
"予防接種にはどんな種類がありますか？","健康局"
"イベントやお祭りで食品を扱いたいのですが？","健康局"
"食品衛生責任者の資格はどうしたら取れますか？","健康局"
"乳がん検診を受けたいのですが、どうすればよいですか。","健康局"
"外食栄養管理推進事業とは何ですか？","健康局"
"飼っている特定動物(わに・へび)などを人に譲りたいのですが届けは必要ですか？","健康局"
"公害健康被害者の補償給付制度について教えてください。","健康局"
"市民健診を受けたいのですが、どうすればよいですか。","健康局"
"生活習慣病予防の講座は行っていますか。","健康局"
"どうしても犬・ねこが飼えなくなってしまったんですが、どこか引き取り先などはありませんか？","健康局"
"うちの犬が野犬として捕獲されてしまったのですが、どうすればいいですか？","健康局"
"がん検診の個人票をなくしてしまいました。再発行できますか。","健康局"
"Ｃ型肝炎ウイルス等検査を受けたい。","健康局"
"動物取扱業の登録について知りたい。","健康局"
"飲食店や食品関係のお店を廃業するのですが、どんな手続きが必要ですか？","健康局"
"血液型検査を受けたいのですが、どうすれば受けられますか？","健康局"
"新たに飲食店や食品関係のお店を出したいのですが、どうすればよいですか？","健康局"
"クリーニング師免許証の書換え、再交付はどこでできますか？","健康局"
"特定動物（危険動物）の飼育許可について知りたい。","健康局"
"オオトカゲ（爬虫類）や鷹（鳥類）など、特定動物（危険な動物）を飼いたいのですが届けは必要ですか？","健康局"
"肝臓疾患対策について知りたい。","健康局"
"子供が未熟児で産まれました。養育医療の申請について教えてください。","健康局"
"訪問指導サービスとはどのようなものですか？","健康局"
"ペットショップ・動物の美容院の経営を始めたいのですが、何か手続きが必要ですか？","健康局"
"大阪市動物管理センターへの行き方を教えてください。","健康局"
"健診を受けたいのですが、どんな種類の健診があるのですか。","健康局"
"小児の気管支ぜん息等の医療補助は受けられますか？","健康局"
"健康手帳・ツルマークの健康手帳はどこで交付してもらえますか？","健康局"
"こころの悩みに関して相談出来るところはどこかありませんか？","健康局"
"動物管理センターは何を行っているところですか？","健康局"
"飼い犬が死んだときは何か届け出が必要ですか？","健康局"
"犬の所在地や、飼い主の住所等が変わった時は何か届出が必要ですか？","健康局"
"映画館や演劇場など興行場を経営するには許可が必要ですか？","健康局"
"公衆浴場を経営したいのですが許可が必要ですか？","健康局"
"理容店を営業するにはどうすればよいですか？","健康局"
"難病患者のための医療費の助成制度はありませんか？","健康局"
"アスベストによる健康被害の救済申請はどうすればいいですか？","健康局"
"転入してきましたが、予防接種の予診票はどうしらたよいですか。","健康局"
"先天性代謝異常検査をしてもらうにはどうしたらいいですか？","健康局"
"医療法人について、届け出なければならない事項について、教えてください。","健康局"
"食べ物のこと、からだに良い食事について教えてほしい。","健康局"
"旅館やホテルを経営したいのですが許可が必要ですか？","健康局"
"美容院を営業するにはどうすればよいですか？","健康局"
"簡易専用水道を設置する場合、何か手続きが必要ですか？","健康局"
"犬を飼いたいのですが、どこかで譲ってもらえますか？","健康局"
"犬の予防注射について教えてください。","健康局"
"犬・ねこを飼うときに気をつける事はありますか？","健康局"
"シックハウス症候群に苦しんでいます。どこか相談出来るところはありませんか？","健康局"
"すべての自動販売機について設置届を提出する必要があるのですか？","健康局"
"夜中でも診察してもらえる病院がありませんか？","健康局"
"肺がん検診はどのように受けられますか？","健康局"
"こども難病医療費助成事業とは何ですか？","健康局"
"飼い犬がいなくなってしまいました。","健康局"
"難病患者向けの相談会などはありませんか？","健康局"
"HIV・性感染症の検査","健康局"
"小児ぜん息の医療費助成の期間延長をしてもらいたいのですが？","健康局"
"結核の検査について教えてください。","健康局"
"現在、個人で診療所を開設しているのですが、医療法人化したいのですが？","健康局"
"休日も診てくれる病院はありますか？","健康局"
"夜間、診療している歯科はありますか？","健康局"
"胃がん検診はどのように受けられますか？","健康局"
"環境科学研究所とは何を行っている所なのですか？","健康局"
"大腸がん検診はどのように受けられますか？","健康局"
"健康診断の日時や受診できる種類を教えてください。","健康局"
"歯周病検診について教えてほしい。","健康局"
"狂犬病予防注射は必ず受けなければならないのですか？","健康局"
"医療に関する悩みや相談等があるのですが？","健康局"
"ホームヘルパーの研修を行っているのですが、それを難病患者等ホームヘルパー養成研修事業として指定してほしいのですが？","健康局"
"小児慢性特定疾病医療支援事業とは何ですか？","健康局"
"特定疾病にかかっている小児に日用品が支給されるのですか？","健康局"
"犬の鑑札を無くしてしまった(犬の鑑札の文字が磨耗して読めない)のですが、再交付してもらえますか？","健康局"
"がん検診にはどんな種類がありますか？","健康局"
"歯周病検診実施医療機関を教えてほしい。","健康局"
"平日夜間や休日の小児急病診療してくれるところはどこですか？","健康局"
"精神障がいを持つ者同士でグループ活動をしているような所はありますか？","健康局"
"便の検査(細菌検査)を受けたいのですが。","健康局"
"施術所（あん摩マッサージ、はり、きゅう、柔道整復）を開設・変更・廃止したいのですが？","健康局"
"結核にかかった子供の医療費などを助成してもらえるのですか？","健康局"
"犬を飼いたいのですが登録はどうすればよいですか？","健康局"
"子供の気管支の病気に対して助成が出ると聞いたのですが？","健康局"
"病院や診療所・助産所・歯科技工所を開設・変更・廃止したいのですが？","健康局"
"かかりつけの医療機関で健(検)診を受けられますか。","健康局"
"飼い犬登録について教えてください。","健康局"
"飲食店や食品関係の許可内容を変更したいのですが？","健康局"
"小児ぜん息の医療費を自己負担した時の払戻しはどこに申請したらいいですか？","健康局"
"アスベストに関する遺族の救済措置を教えてください。","健康局"
"無料肝炎ウイルス検査はどちらでうけることができますか？","健康局"
"クリーニング店を営業するにはどうすればよいですか？","健康局"
"小児慢性特定疾病医療支援事業の指定医療機関や指定医になりたいのですが、どのような手続きが必要ですか？","健康局"
"フィブリノゲン製剤納入医療機関やＣ型肝炎ウイルス検査等についての相談はどちらにすればいいでしょうか？","健康局"
"小児慢性特定疾病など長期療養が必要な子どもの療養相談や交流会を実施していますか？","健康局"
"乳幼児のアトピーやぜん息等のことで相談できる教室はありますか？","健康局"
"こども難病医療費助成事業の指定医療機関になりたいのですが、どこに問合せたらいいですか？","健康局"
"環境科学研究所へはどうやって行けばいいですか？","健康局"
"感染症予防について教えてください。","健康局"
"ノロウイルスに感染したらどうすればよいですか？","健康局"
"大阪腎臓バンクはどのような活動をしているのですか？","健康局"
"ノロウイルス食中毒の予防方法は？","健康局"
"臓器移植について教えてください。","健康局"
"大阪市内で献血が出来るところを教えてください。","健康局"
"大阪アイバンクはどのような活動をしているのですか？","健康局"
"献血についての問い合わせ先を教えてください。","健康局"
"日本骨髄バンクとはどのような活動を行っているところですか？","健康局"
"精神障がい者の相談に乗ってくれるところはどこですか？","健康局"
"精神障がい者の手帳について教えてください。","健康局"
"精神障がい者の治療費は申請すれば助成してもらえるのですか？","健康局"
"公害保健福祉事業とは、具体的に何を行っているのですか？","健康局"
"認知症についての相談に乗ってくれるところはどこですか？","健康局"
"身体障がい児の育成医療費について教えてください。","健康局"
"環境保健事業とは、具体的に何を行っているのですか？","健康局"
"食品についての苦情・相談を受け付けてくれる窓口などはありますか？","健康局"
"井戸水を飲み水として利用したいのですが、どこに相談したらいいですか？","健康局"
"マンションやビルなどの貯水槽の飲料水について相談したいのですが？","健康局"
"飲食店の経営を始めようと思うのですが、実際に開店するまでの流れを教えてください。","健康局"
"骨髄移植についての問い合わせ先を教えてください。","健康局"
"食品を介しての健康被害(食中毒、食中毒疑い)が生じた場合の届出は、どこにすればいいのですか？","健康局"
"医師免許証や看護免許証などを申請、書換え、再交付したいのですが？","健康局"
"毒物劇物販売業の登録について知りたい。","健康局"
"薬局、医薬品販売業、高度管理医療機器等販売業の許可について知りたい。","健康局"
"建築確認・検査申請及び許可・認定申請について知りたい。","都市計画局"
"特殊建築物等の定期報告について知りたい。","都市計画局"
"大阪市の人口は何人ですか？","都市計画局"
"統計調査にはどのような物があるのか知りたい。","都市計画局"
"各区の人口や高齢者数、世帯数などはどうなっていますか？","都市計画局"
"建築相談をしたい。","都市計画局"
"大阪市建築計画事前公開制度について知りたい。","都市計画局"
"国勢調査結果について教えてください。","都市計画局"
"大阪市内の各区ごとの面積について知りたいのですが？","都市計画局"
"省エネルギー法の届出について教えてください。","都市計画局"
"建築計画概要書等の閲覧について知りたい。","都市計画局"
"建築基準法の道路とは？","都市計画局"
"都市計画に関する問合せ窓口を知りたい。","都市計画局"
"用途地域など都市計画決定の地図情報を見ることはできますか。","都市計画局"
"建築物省エネ法に基づく認定について教えてください。","都市計画局"
"まちづくり活動を支援する制度があるのですか？","都市計画局"
"大阪市の面積は何平方キロメートルですか？","都市計画局"
"CASBEE(キャスビー)大阪みらい(大阪市建築物総合環境評価制度)について知りたい。","都市計画局"
"違反建築の防止と措置について知りたい。","都市計画局"
"建築基準法について知りたい。","都市計画局"
"50cc超のバイク(二輪車)の駐車場はどこにありますか？","都市計画局"
"建設リサイクル法による対象建設工事の届出について知りたい。","都市計画局"
"優良宅地・優良住宅認定事務について知りたい。","都市計画局"
"低炭素建築物の認定について教えてください","都市計画局"
"CASBEE(キャスビー)大阪みらいとは何のことですか？","都市計画局"
"大阪市空家等対策協議会について知りたい。","都市計画局"
"空家等対策計画の検討状況について知りたい。","都市計画局"
"不動産重要事項説明書にある「高齢者、障害者等の移動等の円滑化の促進に関する法律」について、教えてほしい。","都市計画局"
"「高齢者、障害者等の移動等の円滑化の促進に関する法律」に基づく重点整備地区を地図情報で見ることはできますか。","都市計画局"
"市の「工事請負」「物品供給等・業務委託」「測量・建設コンサルタント等」の入札に参加したいのですが、参加資格はどうなっているのですか？","契約管財局"
"契約管財局で行う「工事請負」「物品供給等・業務委託」「測量・建設コンサルタント等」の入札結果をインターネットで公表しているのですか？","契約管財局"
"指定管理者公募の選定結果を知りたい。","契約管財局"
"指定管理者制度とは何ですか？","契約管財局"
"指定管理者の公募を行っている施設はどこですか。","契約管財局"
"誰が指定管理者になっているかを知りたい。","契約管財局"
"不動産を大阪市に寄附したいのですが？","契約管財局"
"平成28年熊本地震により被災したのですが、固定資産税などの納付はどうすればいいでしょうか。","財政局"
"区役所でも、納付書の再発行はできますか？また、法人市民税や事業所税などの納税証明書も取ることはできますか？","財政局"
"マイナンバーを記載して市税に関する申告書を提出する時に、本人確認ができる資料が必要と聞きましたが、どのような書類が必要ですか","財政局"
"市税に関する証明書は、どこで取ることができますか。","財政局"
"源泉徴収票(もしくは住民税決定通知書の写し）の提出を求められたのですが？","財政局"
"原付バイクの廃車手続きに関して知りたいのですが？","財政局"
"コンビニで税に関する証明書を取得することができると聞きましたが、どのような証明書を取得できますか?","財政局"
"本人以外の人が市税に関する証明書を取ることができますか？","財政局"
"原付バイクの名義変更はどうしたらいいですか？","財政局"
"今年の3月に退職し、退職時に個人市・府民税が一括して会社から徴収されました。その後は無職ですが、6月に、昨年と同額程度の納税通知書が自宅に届きました。これは退職金に対する税額も含まれているために、前年と同額程度となっているのでしょうか？","財政局"
"市税について詳しく教えてください。","財政局"
"地籍図を見ることはできますか？","財政局"
"従業員が退職や転職により異動した場合、給与から差し引き（特別徴収）している個人市・府民税の残税額の支払について手続きが必要でしょうか？","財政局"
"軽自動車の車検時に必要な納税証明書が欲しい。","財政局"
"自宅のパソコンから市税に関する証明書の請求ができますか？","財政局"
"市税に関する証明書の電子申請による請求手続き方法を教えてください。","財政局"
"パートやアルバイトの場合でも給与支払報告書の提出は必要でしょうか？","財政局"
"固定資産（土地・家屋）をお持ちの方が死亡した場合の固定資産税はどうなりますか？","財政局"
"郵送で市税に関する証明書を請求することはできますか？","財政局"
"固定資産の価格に疑問や不服がある場合はどうしたらよいですか？","財政局"
"原付バイクを購入した場合、手続はどのように行うのですか？","財政局"
"会社の営業証明(所在証明)を発行できますか？","財政局"
"大阪市の予算について知りたい。","財政局"
"今年亡くなった家族の納税通知書が届いたのですが、納付しなければならないのでしょうか？","財政局"
"今年3月に大阪市から堺市へ引越しました。その後、6月に大阪市から個人市・府民税の納税通知書が届いたのですが、今年度分の個人市・府民税は大阪市に納付するのでしょうか？","財政局"
"大阪市の法人市民税の税率はいくらですか？","財政局"
"原付バイクの軽自動車税率を教えてください。","財政局"
"ふるさと寄附（ふるさと納税）をしようと考えておりますが、収入500万円の場合、自己負担額の2,000円を除き全額控除される寄附金額の最高額（年間上限）は、どうすればわかりますか？また、寄附金税額控除の適用を受けるには、どのような手続きが必要かについて教えてください。","財政局"
"原付バイクを廃車したのに、1年分の税金を納めなくてはならないのですか？","財政局"
"個人市・府民税はいつの所得に対して課税されるのですか？","財政局"
"市税に関する証明書をとるためには、なにが必要ですか？","財政局"
"個人でお店を営業していますが、所得税の確定申告以外に個人市・府民税の申告は必要でしょうか？","財政局"
"軽自動車税の重課、軽課について教えてください。","財政局"
"今年4月に入社した従業員の個人市・府民税を本人納付(普通徴収)から給与差し引き(特別徴収)に切り替えたいのですがどのような手続きが必要ですか？","財政局"
"個人市・府民税でも所得税と同じように住宅ローン控除の適用を受けることができるのでしょうか？","財政局"
"市税の口座振替・自動払込を利用した場合、引き落とし日はいつになりますか？","財政局"
"公的年金受給者ですが、65歳以上になると個人市・府民税が所得税のように公的年金から差し引き（特別徴収）されると聞きました。納付方法はどのように変わるのでしょうか？また、本人納付（普通徴収）に切り替えることはできますか？","財政局"
"今年の4月に海外に赴任することになりましたが、個人市・府民税の納付はどのようになるのでしょうか？","財政局"
"個人市・府民税の寄附金控除の制度について教えてほしい。","財政局"
"「Ｗｅｂ口座振替受付サービス」とは何ですか？","財政局"
"昨年原付バイクを盗まれたので、警察へ盗難届を出したのに今年の納税通知書が来たのですが？","財政局"
"大阪市以外の市町村にも事務所等がある場合の申告はどうすればよいですか。大阪市でまとめて行えますか。","財政局"
"市税のことで相談したいのですが、どこに行けばいいですか？","財政局"
"法人の異動（移転）届について教えてください。","財政局"
"従業員が5人しかいませんが、個人市・府民税を給与から差し引き(特別徴収)しなければいけないのでしょうか？","財政局"
"市税を減免してもらえますか？","財政局"
"市税のことで不服がある場合はどうすればいいですか？","財政局"
"市税を期限までに納付できない場合は、どうすればいいのですか？","財政局"
"市税の払い方にはどんな方法がありますか？","財政局"
"市税の口座振替納税を利用したいのですが？(手続き方法は？)","財政局"
"納税貯蓄組合とは何ですか？","財政局"
"納期前納付報奨金制度はなくなったのですか？","財政局"
"市税事務所の場所を教えてください。","財政局"
"納税が遅れたらどうなるのですか？","財政局"
"コンビニで住民票の写しなど各種証明書の取得について","市民局"
"死亡届の手続きについて知りたいのですが？","市民局"
"パスポートの申請はどこでするのですか？","市民局"
"婚姻届や離婚届の用紙はどこでもらえますか？","市民局"
"戸籍(出生・婚姻・離婚など)の届出は、夜間や休日など、区役所の窓口開庁時間外でも受付できますか？","市民局"
"郵送で戸籍全部事項証明書(戸籍謄本)等を取り寄せるにはどのような手続をすればよいですか？","市民局"
"改葬許可証の申請方法について教えてください。","市民局"
"住民票は休庁日や受付時間外にも交付申請できますか？","市民局"
"火葬許可証の再発行の申請方法について教えてください。","市民局"
"住民票の写し(除票を含む)の請求時に何が必要ですか？","市民局"
"区役所の開庁時間を教えてください。(区役所は土曜日・日曜日は開いていますか？)","市民局"
"住所が別々でも婚姻届を提出することはできますか？","市民局"
"破産・成年被後見人に関する証明書(いわゆる身分証明書)は郵送で請求できますか？","市民局"
"戸籍全部事項証明書(戸籍謄本)、戸籍個人事項証明書(戸籍抄本)、戸籍の附票の請求時に何が必要ですか？","市民局"
"住民票に関する変更の届出期間について知りたい。","市民局"
"戸籍事務のコンピュータ化について教えてください。","市民局"
"婚姻届や出生届を本籍地や所在地以外で提出できますか？","市民局"
"婚姻の手続について知りたい。","市民局"
"身分証明書とはどのような事項を証明するものですか？","市民局"
"本籍をかえるとき(転籍)の手続きについて知りたい。","市民局"
"受理証明や届書記載事項証明書の取り方を教えてください。","市民局"
"仕事上のトラブルや、労働条件・労働保険など、労働相談が出来るところはありますか？","市民局"
"不在に関する証明書(不在籍証明書)について教えて下さい。","市民局"
"離婚後、婚姻中の姓をそのまま名乗ることはできますか？","市民局"
"戸籍の附票について教えてください。","市民局"
"住民基本台帳カードの暗証番号を忘れてしまった。どうすればいいですか？","市民局"
"海外から郵送で戸籍全部（個人）事項証明書(戸籍謄正本)等を取り寄せるにはどうすればよいですか？","市民局"
"他市区町村に引っ越しをするときの手続の方法について知りたい。","市民局"
"特例転出届は、普通の転出届と何が違うのですか？","市民局"
"戸籍とはどういうものですか？","市民局"
"外国人と結婚する場合の手続について知りたい。","市民局"
"大阪市内の他の区に引越した際にも印鑑登録をしなおす必要がありますか？","市民局"
"身近な場所で就労相談が出来るところはありますか？","市民局"
"特例転出届をだしたが、その届け出た場所とは違うところへ行くことになった。","市民局"
"どのような場合に戸籍の手続きが必要になりますか？","市民局"
"みおつくしの鐘とは何ですか？","市民局"
"弁護士による無料法律相談について教えてください。","市民局"
"住民基本台帳カードは他の市町村へ引越しても利用できますか？","市民局"
"婚姻届を書き損じてしまったのですが、どのように訂正すればよいですか？","市民局"
"大阪市内から他都市へ転出したが、区役所に行けない場合、どのように転出の手続をすればよいですか？","市民局"
"住民基本台帳カードには有効期間はあるのですか？","市民局"
"他の市区町村で住民票の写しを取るにはどうすればいいですか？","市民局"
"無料で職業紹介をしてくれる施設はありますか？","市民局"
"市役所本庁舎でも住民票の写しなどの証明書はとれますか？","市民局"
"氏名が変わった場合や大阪市内での引越しの際に、住民基本台帳カードはどのようにすればよいですか？","市民局"
"コミュニティ協会のことを教えてください。","市民局"
"住民票の除票は何年前までのものを取ることができますか？","市民局"
"特別永住者証明書の氏名表記の在り方は外国人登録と同じ取扱いになりますか。また通称名の記載は可能ですか。","市民局"
"住居表示制度とは何ですか？","市民局"
"ICカードリーダライタはどこで購入できるのですか？","市民局"
"土日(休庁日)に取得できる証明書および場所について知りたい。","市民局"
"車の仮ナンバーが必要な場合は、どうしたらいいですか？","市民局"
"NPO法人の法人格を取得したい場合は、どうすればいいですか？","市民局"
"独身証明書は郵送で請求できますか","市民局"
"婚姻届(離婚届)を取り消すことはできますか？","市民局"
"出生届の届出人について知りたいのですが？","市民局"
"出生届の提出期限について知りたい。","市民局"
"独身証明書の取得方法を教えてください","市民局"
"海外で暮らしていますが、帰国後の住民登録の手続きについて教えてください。","市民局"
"住民票には戸籍(本籍地)や住民票コードは表示されるのですか？","市民局"
"印鑑登録証明書はどこでとることができますか？","市民局"
"新しい在留管理制度とはどのような制度ですか。","市民局"
"年金相談をしたい。","市民局"
"男女共同参画を進めるために、どのような取組を行っていますか？","市民局"
"区役所が実施している窓口の時間延長について教えてほしい。","市民局"
"悪質商法、架空請求、欠陥商品などに関する消費生活相談をしたいのですが？","市民局"
"消費者金融について相談したいのですが、どこに相談すればいいですか？","市民局"
"交通安全運動とは何ですか。","市民局"
"区役所の第4日曜日の開庁にあたって、住民票・戸籍関連で取り扱う業務は何ですか？","市民局"
"町内会(自治会)を法人化したいのですが、どこに申請すればいいですか？","市民局"
"印鑑登録証が手元にないですが、登録印を持っていけば印鑑登録証明書はとれますか？","市民局"
"不受理申出とはどのようなものですか？","市民局"
"未成年でも婚姻届を出すことができますか？","市民局"
"住民基本台帳は閲覧できますか？","市民局"
"中長期在留者の手続きはどこでするのですか","市民局"
"広域交付住民票は誰でも請求することができますか？","市民局"
"住民基本台帳カードを落としてしまった。どうすればいいですか？","市民局"
"消費者センターは消費者に向けての講座は行っていますか？","市民局"
"住民基本台帳カードに種類があると聞きましたが？","市民局"
"地域振興会とは何ですか？","市民局"
"大阪市ボランティア・市民活動センターは何をするところですか？","市民局"
"地域のコミュニティ作りに関する施設はどの様な施設がありますか？","市民局"
"窓口で広域交付住民票を申請する時に何が必要ですか？","市民局"
"住民基本台帳カードの写真付きとそうでないものの違いは何ですか？","市民局"
"民間業者から住民票コードを記載した住民票の提出を求められました。提出すべきですか？","市民局"
"新しい在留管理制度の対象となる中長期在留者とはどのような人ですか。","市民局"
"特別永住者証明書は手続をすれば即日で交付されますか。","市民局"
"代理人が印鑑登録申請する場合の委任状は何を記入すればよいですか？","市民局"
"改正法施行日以降現在持っている外国人登録証明書はすぐに特別永住者証明書に切り替えなければなりませんか。","市民局"
"特別永住者証明書の有効期間を更新するためにはどのような手続が必要ですか。","市民局"
"住民票コードとは何ですか？","市民局"
"区民まつりについて教えてください。","市民局"
"大阪市消費者センターの主催する講座は無料ですか？","市民局"
"訪問販売で悪質商法に引っかかったのですが、契約者（本人）以外でも消費者センターでは相談を受付けてもらえますか？","市民局"
"大阪市消費者センターの地域講座を依頼したいのですが、どうしたらいいですか？","市民局"
"男性のための相談はどこで受けられますか？","市民局"
"配偶者の暴力に悩んでいるのですが、相談できる機関などを紹介してください。","市民局"
"犯罪被害者の支援に関する相談がしたい","市民局"
"消費者センターはどんなことをしているところですか？","市民局"
"在留カード導入により「各種行政サービスの適切な提供に利用できるようになります」とありますが具体的に各種行政サービスとは何ですか。これまでの扱いとの違いは何かあるのですか。","市民局"
"印鑑登録証をなくしてしまったのですが？","市民局"
"住民票コードの通知をなくしました。どのようにして住民票コードを知ることができますか？","市民局"
"兄弟の戸籍全部事項証明書(戸籍謄本)、戸籍個人事項証明書(戸籍抄本)を請求できますか？","市民局"
"現在の戸籍から分かれて、ひとりで新しい戸籍を作る（分籍）手続きを知りたい。","市民局"
"消費生活に関する相談をしたい。","市民局"
"大阪市消費者センターではどのような講座を行っていますか？","市民局"
"クリーニングに出した衣類が縮んだり、変色していたら消費者センターでテストしてもらえますか?","市民局"
"大阪市消費者センターで、啓発ビデオの貸出しは行っていますか？","市民局"
"東日本大震災に対する募金はできますか？","市民局"
"住民基本台帳カードは、何に使えるのですか？","市民局"
"電子申請はどのように行うのですか？","市民局"
"顔写真つきの住民基本台帳カードは、具体的にどこで本人確認書類として使えるのですか？","市民局"
"登記相談をしたいのですが、どこで行っていますか？","市民局"
"住基ネットのような制度は他の国にもあるのですか？","市民局"
"人権に関する正しい知識を広めるための活動はしていますか？","市民局"
"印鑑登録している実印が盗難にあいました。どうすればよいですか？","市民局"
"特別永住者証明書の有効期間は何年ですか。","市民局"
"建物を新築・増改築したときの住居表示について知りたい。","市民局"
"新しい在留管理制度が始まると便利になることは何ですか。","市民局"
"印鑑登録は有料ですか？また、印鑑登録証の発行手数料はいくらですか？","市民局"
"出生届について知りたいのですが？","市民局"
"印鑑登録証明書は郵送などでとれますか？","市民局"
"印鑑登録すればすぐに印鑑登録証明書を発行できますか？","市民局"
"男女共同参画に関する施策の苦情を申出るにはどうすればいいですか？","市民局"
"女性のための相談はどこで受けられますか？","市民局"
"消費生活に関する講座などはどこで行われていますか？","市民局"
"全く利用した覚えのないアダルトサイトの利用料請求が送られてきた。どうすればよいですか？","市民局"
"印鑑登録はどこで手続きできますか？代理人でもできますか？","市民局"
"住民基本台帳ネットワークシステムで、戸籍の証明や印鑑証明などをとることができますか？","市民局"
"住民票コードの番号は覚えていないといけないのですか？","市民局"
"広域交付住民票の交付手数料はいくらですか？","市民局"
"住民基本台帳カードへの点字エンボス加工はできますか？","市民局"
"区役所が実施している日曜開庁について教えてほしい。","市民局"
"民事調停相談をしたい","市民局"
"税務相談をしたい。","市民局"
"交通事故相談をしたいのですが、どこで行っていますか？","市民局"
"住居表示プレートが破損した。どうしたらいいですか？","市民局"
"消費者センターに相談すると、どこまで対応してもらえるのですか？","市民局"
"外国人に公的個人認証サービスの電子証明書を発行できるのですか？","市民局"
"新しい在留管理制度はいつから開始されるのですか。","市民局"
"特別永住者証明書を所持せずパスポートだけでみなし再入国による出国及び入国はできますか。","市民局"
"特別永住者のみなし再入国許可の有効期間である2年を経過して再入国するときはどのような手続が必要ですか。","市民局"
"特別永住者証明書にみなされる外国人登録証明書は携帯しなければならないのですか。","市民局"
"新築物件を建てたがどのような手続をすればよいですか？","市民局"
"印鑑登録するには何が必要ですか？","市民局"
"賞味期限とは何ですか？","市民局"
"単位価格表示とは何ですか？","市民局"
"商品の品質表示基準とは何ですか？","市民局"
"社会福祉法人大阪ボランティア協会について知りたいのですが？","市民局"
"NPOの活動に関しての相談に乗ってくれるところはありますか？","市民局"
"区政改革の取組みについて知りたい。","市民局"
"住基ネットは必要なのですか？","市民局"
"住民票コードは何に使うのですか？","市民局"
"弁護士による法律相談は、平日の昼間しかやっていないのか？","市民局"
"住民票コードは、なぜ好きな番号を選べないのですか？","市民局"
"住民基本台帳ネットワークのメリットは何ですか？","市民局"
"人権についての相談はどこにすればいいですか？","市民局"
"大阪市消費者センターで開催している講座に申込みたいのですが？","市民局"
"印鑑登録証明書をとる際に何が必要ですか？","市民局"
"住民票とはどういうものですか？","市民局"
"新たに入国した外国人にはどのような手続きが必要になりますか。","市民局"
"特別永住者証明書にはどのような情報が記載されますか。","市民局"
"外国人住民と日本人で印鑑登録証明書の相違点は","市民局"
"ダイレクトメールが来て困っている。住基ネットによって、私の情報が流出しやすくなっているのではないか？","市民局"
"住基ネットの個人データを国は何のために使うのですか？","市民局"
"ボランティアやNPOなどの市民活動を支援する目的の寄附をしたいのですが？","市民局"
"広域交付住民票はいつでもとれるのですか？","市民局"
"電子証明書の交付に手数料はかからないのですか？","市民局"
"大阪市消費者センターにビデオライブラリーがあると聞きましたが、どのようなビデオがありますか？","市民局"
"人権相談をしたい。女性(男性)であることを理由に、不利益な扱いを受けたことについて相談したい。","市民局"
"印鑑登録した印鑑を変更したいのですが？","市民局"
"印鑑登録をした実印を紛失してしまったのですが？","市民局"
"住民票コード番号から個人情報が分かるのではないか？","市民局"
"住基ネットの情報は、警察等がいつでも情報を入手できるのですか？","市民局"
"住基ネットと公的個人認証サービスは関係があるのですか？","市民局"
"公的個人認証サービスで住民票コードは利用するのですか？","市民局"
"住民票コードには何か意味があるのですか？個人を特定できるのではないですか？","市民局"
"ドメスティック・バイオレンスとは何ですか？","市民局"
"公的個人認証サービスの利用申請者の確認を住基ネットで行う理由は何ですか？","市民局"
"住民基本台帳ネットワークとは何ですか？ ","市民局"
"消費者センターへの来所による相談には予約が必要ですか？","市民局"
"人名に使える漢字を教えてほしい。","市民局"
"過大包装基準とは何ですか？","市民局"
"世帯主が変わったときに何か届け出が必要ですか？","市民局"
"消費期限とは何ですか？","市民局"
"消費者センターで、信用のできる業者はどこか教えてもらえますか？","市民局"
"大阪市消費者センターへの行き方を教えてください。","市民局"
"住民票の写しを代理人にお願いして取得したいが、委任状にはどのような事項を記載すればよいですか？","市民局"
"消費者保護対策とはどの様な対策ですか？","市民局"
"外国人相談をしたい。","市民局"
"郵送で住民票(除票を含む)を取り寄せるにはどのような手続をすればよいですか？","市民局"
"住民票の写しや戸籍全部事項証明書(戸籍謄本)などの証明書はどこで発行していますか？市役所でも発行していますか？","市民局"
"同和問題についてどのような取組を行っていますか？","市民局"
"認知の届出には何が必要ですか？","市民局"
"戸籍証明、住民票、印鑑証明の有効期限はありますか？","市民局"
"クレオ大阪ではどんなことをしているんですか？","市民局"
"家庭問題相談をしたい。","市民局"
"区役所の第4日曜日の開庁にあたって、保険・年金関連で取り扱う業務は何ですか？","市民局"
"区民センター等の申込方法はどうなっていますか？","市民局"
"区民センター等で行われるイベントについて知りたい。","市民局"
"住民票コードを変更したい。どのような手続きが必要ですか。","市民局"
"不在に関する証明書(不在住証明書)について教えて下さい。","市民局"
"外国人登録原票記載事項証明書は発行してもらえるのですか。","市民局"
"外国人住民の住民票にはどのような事が記載されるのですか。","市民局"
"日本で出生した外国人はどのような手続きが必要になりますか。","市民局"
"外国人住民の新しい制度について詳しく聞きたい。どこか、国の相談センターはありますか。","市民局"
"改正法施行後に、外国人登録原票の開示請求をすることはできますか。古い住所履歴や、通名変更の履歴の証明書がほしいのですが","市民局"
"外国人住民の住民基本台帳制度は、いつから始まったのですか。","市民局"
"ヒューライツ大阪とは、どのようなことをしているところですか？","市民局"
"区役所で行政相談や司法書士相談をしたいんですが？","市民局"
"各区役所の住所、電話番号を教えてください。","市民局"
"区役所のHPにリンクを張りたい。","市民局"
"最寄りのクレオ大阪の場所を教えてください。","市民局"
"悪質な業者に引っかかりました。この業者を行政処分してほしい。","市民局"
"大阪市消費者センターでは、相談をどのように実施しているのですか？","市民局"
"一般社団法人消費生活相談センターは、大阪市の関係機関ですか。","市民局"
"未成年者の行った契約は、取消しができると言うのは本当ですか？","市民局"
"自動車の臨時運行許可申請について知りたい。","市民局"
"大阪市は長野県飯山市と姉妹都市提携をしているのですか？","市民局"
"クーリング・オフ制度について教えてください。","市民局"
"悪質商法に、規制や罰則はないのですか？","市民局"
"不当な取引行為とは何ですか？","市民局"
"架空請求は無視すればいいと聞いていますが、最近は無視してはいけないものも出てきたとテレビで言っていました。無視しても大丈夫なのですか？","市民局"
"消費生活の情報はどこで知ることができますか？","市民局"
"ヘイトスピーチだと思う表現活動について申し出る方法を教えてほしい。","市民局"
"ヘイトスピーチに関する制度について教えてほしい。","市民局"
"外国籍住民に対してどのような施策をおこなっていますか？","市民局"
"人権尊重の社会づくりに向けて、どのような取組がありますか？","市民局"
"人権啓発についてどのような活動をしていますか？","市民局"
"人権擁護委員とは何ですか？","市民局"
"区役所で消費生活相談は受けていますか？","市民局"
"区の観光案内用マップはありますか？","市民局"
"区民センター等への行き方を教えてください。","市民局"
"個人情報開示請求の手続きについて教えてください。","総務局"
"公益通報制度とはどのような制度ですか？","総務局"
"外郭団体とはどのような団体ですか？","総務局"
"条例について知りたいのですが、どこで調べられますか？","総務局"
"公益通報後の対応について知りたい。","総務局"
"情報公開請求とは何ですか？","総務局"
"大阪市役所への行き方を教えてください。","総務局"
"市民情報プラザについて知りたい","総務局"
"公文書館について教えてください。","総務局"
"中央卸売市場で買い物することはできますか？","中央卸売市場"
"中央卸売市場は予約なしでも見学できますか？","中央卸売市場"
"中央卸売市場の中にある飲食店を利用できますか？","中央卸売市場"
"市場のお休みを教えて欲しい。","中央卸売市場"
"（代行）特別展「第６２回全関西美術展｣","経済戦略局"
"中之島まつりはどんな祭りですか？","経済戦略局"
"重要文化財泉布観の一般公開について教えてください","経済戦略局"
"大阪・光の饗宴・ＯＳＡＫＡ光のルネサンスについて教えてください。","経済戦略局"
"四天王寺ワッソはどの様なお祭りですか？","経済戦略局"
"大阪市立美術館で行われるイベントのスケジュールについて教えてください。","経済戦略局"
"ATCエイジレスセンターについて知りたい。","経済戦略局"
"大阪のガイドブックやマップ等をいただきたいのですが。","経済戦略局"
"経営相談・創業相談の窓口はありますか？","経済戦略局"
"なにわの伝統野菜について教えてください。","経済戦略局"
"スポーツに関する情報をネットで検索できますか？","経済戦略局"
"大阪市中央公会堂の建築様式について教えてください。","経済戦略局"
"ATCミュージアム(ATCホール)への行き方を教えてください。","経済戦略局"
"近くに野球ができるスポーツ施設はありますか？","経済戦略局"
"大阪市の制度融資を利用できる中小企業の条件を教えてください。","経済戦略局"
"大阪市立大学の図書館は一般の市民でも利用できますか？また、料金はかかりますか？","経済戦略局"
"大阪城天守閣について知りたい。","経済戦略局"
"近くにあるスポーツ教室を教えてください。","経済戦略局"
"各種展示会の開催に利用可能な施設を知りたい。","経済戦略局"
"大阪国際交流センターのホール、会議室について知りたい。","経済戦略局"
"通訳や翻訳などのボランティアになりたいのですが、どこか紹介してもらえませんか？","経済戦略局"
"大阪市内に陸上競技場はありますか？","経済戦略局"
"近くにテニスができるスポーツ施設はありますか？","経済戦略局"
"大阪観光ボランティアガイド協会とは、何を行っている団体なのですか？","経済戦略局"
"御堂筋オータムパーティーの内容を教えてください。","経済戦略局"
"桜の会・平成の通り抜け実行委員会で募金活動を行っていると聞いたのですが？","経済戦略局"
"商店街や小売市場を活性化させたいのですが、支援してもらえませんか？","経済戦略局"
"大阪市立大学の入学検定料や入学料、授業料はいくらですか？","経済戦略局"
"市大医学部附属病院の入院患者さんの面会時間について教えてください。","経済戦略局"
"弁護士による法律相談のほかに、どこか法律相談してくれるところはありますか？","経済戦略局"
"大阪市立大学理学部附属植物園について知りたい。","経済戦略局"
"農業者年金に関する相談部署を教えてください。","経済戦略局"
"廃止された定期観光バスのかわりに観光に利用できるものはありますか。","経済戦略局"
"ビジターズインフォメーションセンター(観光案内所)はどこにありますか？(外国人の観光案内含む)","経済戦略局"
"詳しく観光情報が見られるホームページはありませんか？","経済戦略局"
"近くに屋外スポーツができる施設はありますか？","経済戦略局"
"プラネタリウムが見られる施設を教えてください。","経済戦略局"
"姉妹都市交流について知りたい","経済戦略局"
"大阪市の姉妹都市・友好都市はどこですか？また、姉妹都市・友好都市の提携を行ったのはいつですか？","経済戦略局"
"弓道ができるスポーツ施設はありますか？","経済戦略局"
"通訳や翻訳などのボランティアになりたいのですが、どこか紹介してもらえませんか？","経済戦略局"
"大阪市内に陸上競技場はありますか？","経済戦略局"
"近くにテニスができるスポーツ施設はありますか？","経済戦略局"
"大阪観光ボランティアガイド協会とは、何を行っている団体なのですか？","経済戦略局"
"御堂筋オータムパーティーの内容を教えてください。","経済戦略局"
"桜の会・平成の通り抜け実行委員会で募金活動を行っていると聞いたのですが？","経済戦略局"
"商店街や小売市場を活性化させたいのですが、支援してもらえませんか？","経済戦略局"
"大阪市立大学の入学検定料や入学料、授業料はいくらですか？","経済戦略局"
"市大医学部附属病院の入院患者さんの面会時間について教えてください。","経済戦略局"
"弁護士による法律相談のほかに、どこか法律相談してくれるところはありますか？","経済戦略局"
"大阪市立大学理学部附属植物園について知りたい。","経済戦略局"
"農業者年金に関する相談部署を教えてください。","経済戦略局"
"廃止された定期観光バスのかわりに観光に利用できるものはありますか。","経済戦略局"
"ビジターズインフォメーションセンター(観光案内所)はどこにありますか？(外国人の観光案内含む)","経済戦略局"
"詳しく観光情報が見られるホームページはありませんか？","経済戦略局"
"近くに屋外スポーツができる施設はありますか？","経済戦略局"
"プラネタリウムが見られる施設を教えてください。","経済戦略局"
"姉妹都市交流について知りたい","経済戦略局"
"大阪市の姉妹都市・友好都市はどこですか？また、姉妹都市・友好都市の提携を行ったのはいつですか？","経済戦略局"
"弓道ができるスポーツ施設はありますか？","経済戦略局"
"大阪市立大学医学部附属病院へはどうやって行けばいいですか？","経済戦略局"
"花火大会のことを知りたい。","経済戦略局"
"造幣局桜の通り抜けはいつですか？行き方を教えてください。","経済戦略局"
"大阪市立大学が行っている公開講座を受けたいのですが、行き方を教えてください。","経済戦略局"
"大阪市立大学について教えてください。","経済戦略局"
"文学碑記念の集いとはどのようなものですか？また、参加するにはどうすればよいですか？","経済戦略局"
"大阪クラシックについて教えて下さい。","経済戦略局"
"東洋陶磁美術館について知りたい。","経済戦略局"
"市大医学部附属病院に初診の際に、必要なものは何ですか？また、特に注意することはありますか？","経済戦略局"
"市大医学部附属病院の診療受付は何時からですか？","経済戦略局"
"大阪市立大学が行っている公開講座はどこで告知していますか？","経済戦略局"
"大阪市立大学が行っている講座にはどんなものがありますか？","経済戦略局"
"大阪市立大学で行っている中小企業対象の無料法律相談について教えてください。","経済戦略局"
"大阪市立大学が行っている市民講座について知りたい。","経済戦略局"
"市立の学校の体育館・グランドを借りることはできますか？(スポーツで利用)","経済戦略局"
"大阪市立大学が行っている高校生講座について知りたい。","経済戦略局"
"大阪市内にあるトレーニングルームについて教えてください。","経済戦略局"
"大阪市立科学館へ行く方法を教えてください。","経済戦略局"
"創業者や中小企業・ベンチャー企業の支援事業を行っている機関はありますか？","経済戦略局"
"大阪市の歴史について知りたい。","経済戦略局"
"大阪歴史博物館について知りたい。","経済戦略局"
"自然史博物館について知りたい。","経済戦略局"
"大阪市立美術館について知りたい。","経済戦略局"
"大阪市立美術館に駐車場はありますか？","経済戦略局"
"大阪市にどんな博物館があるのか教えてほしい。","経済戦略局"
"演劇、音楽、ダンス等の練習ができる施設はありますか？","経済戦略局"
"最寄りの水泳教室について教えてください。","経済戦略局"
"屋内スポーツができる施設について知りたい。","経済戦略局"
"危機管理室の役割について教えてください。","危機管理室"
"大阪市では災害が起こった時のために備えて食料などを備蓄していますか？","危機管理室"
"地震が来た時にデパートや映画館などにいたらどうしたらいいですか？","危機管理室"
"もしも地震が来てエレベータに閉じ込められたらどうすればいいですか？","危機管理室"
"運転している時に、地震が来たらどうしたらいいですか？","危機管理室"
"災害に備えて家の中をどのように工夫したらいいですか？","危機管理室"
"外にいる時に地震が来たらどうしたらいいですか？","危機管理室"
"家にいる時に地震が来たらどうすればいいですか？","危機管理室"
"家の近くの避難場所・避難所がどこになるのか知りたいのですが？","危機管理室"
"地下街にいる時に地震が来たらどうすればいいですか？","危機管理室"
"地震が来た時に、電車やバスに乗っていたら、どう避難すればいいですか？","危機管理室"
"災害時の備えに食料などは用意したのですが、ほかにしておくべきことはありますか？","危機管理室"
"災害に備えて家族でどんなことを話合っておいたらいいですか？","危機管理室"
"地震などに備えて食料などを入れた袋を準備したほうがいいんですよね？","危機管理室"
"区の広報紙にお知らせ情報を掲載して欲しいのですが、どうすればいいですか？","政策企画室"
"区の広報紙の電子メール配信を申込みたいのですが。","政策企画室"
"区の広報紙の内容について、聞きたいことがあるのですが、どこに聞けばいいのですか？","政策企画室"
"視覚障がい者向けの区の広報紙はありますか？どのようにして手に入れることができますか？","政策企画室"
"市政記者クラブ（報道機関）に連絡したい。また、市政記者クラブにプレスリリース（情報提供等）を行いたい。","政策企画室"
"パブリックコメント制度を利用して、提出した意見に対する回答はもらえるのですか？","政策企画室"
"大阪市ホームページからリンクを張ってほしいのですが。","政策企画室"
"ふるさと納税(寄附金)は、どのように払い込むのか？","政策企画室"
"くらしの便利帳とは何ですか？","政策企画室"
"ふるさと納税(寄附金)は、どのように申し込むのか？","政策企画室"
"大阪市のホームページアドレスを教えてください。","政策企画室"
"大阪市のホームページに載っている画像等を使ってもいいですか？","政策企画室"
"携帯電話で大阪市の情報を見ることができますか？","政策企画室"
"大阪市ホームページでは、どのような情報が提供されていますか？","政策企画室"
"(自分のホームページから)大阪市のホームページにリンクを張りたいのですが、何か手続きが必要ですか？","政策企画室"
"市政・区政に関する意見・提案を伝えたい。","政策企画室"
"市役所の局などの組織が再編されて、名称が変わったり廃止・新設されたと聞いたのですが。","人事室"
"大阪市の職員の数を教えてください。","人事室"
"マイナンバー制度（社会保障・税番号制度）について教えてください","ICT戦略室"
"SSL通信を行う場合にセキュリティの警告が出たがどうすればいいのか？(電子申請・オンラインアンケートシステム)","ICT戦略室"
"ログイン画面で「利用者IDまたはパスワードが間違っています。利用者IDおよびパスワードが正しいかどうかもう一度ご確認ください。」と表示されましたが、どういうことですか？(電子申請・オンラインアンケートシステム)","ICT戦略室"
"ログインID／パスワードの有効期限はいつまでですか？(電子申請・オンラインアンケートシステム)","ICT戦略室"
"「タイムアウトになったか、不正な画面遷移が行われました。もう一度、初めからやり直してください。」と画面表示されましたが、どういうことですか？(電子申請・オンラインアンケートシステム)","ICT戦略室"
"ログインする際のパスワードを忘れたので教えてほしい。(電子申請・オンラインアンケートシステム)","ICT戦略室"